2017 CPT Codes,Long Description,Short Description ,Effective Date, Comments,Code Symbol Property,Use of Primary Procedure with other code(s),,,
0446T,"Creation of subcutaneous pocket with insertion of implantable interstitial glucose sensor, including system activation and patient training",INSJ IMPLTBL GLUCOSE SENSOR,1/1/17,,,,,,
0447T,Removal of implantable interstitial glucose sensor from subcutaneous pocket via incision,RMVL IMPLTBL GLUCOSE SENSOR,1/1/17,,,,,,
0448T,"Removal of implantable interstitial glucose sensor with creation of subcutaneous pocket at different anatomic site and insertion of new implantable sensor, including system activation",REMVL INSJ IMPLTBL GLUC SENS,1/1/17,,,,,,
0449T,"Insertion of aqueous drainage device, without extraocular reservoir, internal approach, into the subconjunctival space; initial device",INSJ AQUEOUS DRAIN DEV 1ST,1/1/17,,,,,,
0450T,"Insertion of aqueous drainage device, without extraocular reservoir, internal approach, into the subconjunctival space; each additional device (List separately in addition to code for primary procedure)",INSJ AQUEOUS DRAIN DEV EACH,1/1/17,This code is designated as an Add-on code by the AMA. List separately in addition to the primary procedure.,Add-on Code,Use 0450T in conjunction with 0449T,,,
0451T,"Insertion or replacement of a permanently implantable aortic counterpulsation ventricular assist system, endovascular approach, and programming of sensing and therapeutic parameters; complete system (counterpulsation device, vascular graft, implantable vascular hemostatic seal, mechano-electrical skin interface and subcutaneous electrodes)",INSJ/RPLCMT AORTIC VENTR SYS,1/1/17,,,,,,
0452T,"Insertion or replacement of a permanently implantable aortic counterpulsation ventricular assist system, endovascular approach, and programming of sensing and therapeutic parameters; aortic counterpulsation device and vascular hemostatic seal",INSJ/RPLCMT DEV VASC SEAL,1/1/17,,,,,,
0453T,"Insertion or replacement of a permanently implantable aortic counterpulsation ventricular assist system, endovascular approach, and programming of sensing and therapeutic parameters; mechano-electrical skin interface",INSJ/RPLCMT MECH-ELEC NTRFCE,1/1/17,,,,,,
0454T,"Insertion or replacement of a permanently implantable aortic counterpulsation ventricular assist system, endovascular approach, and programming of sensing and therapeutic parameters; subcutaneous electrode",INSJ/RPLCMT SUBQ ELECTRODE,1/1/17,,,,,,
0455T,"Removal of permanently implantable aortic counterpulsation ventricular assist system; complete system (aortic counterpulsation device, vascular hemostatic seal, mechano-electrical skin interface and electrodes)",REMVL AORTIC VENTR CMPL SYS,1/1/17,,,,,,
0456T,Removal of permanently implantable aortic counterpulsation ventricular assist system; aortic counterpulsation device and vascular hemostatic seal,REMVL AORTIC DEV VASC SEAL,1/1/17,,,,,,
0457T,Removal of permanently implantable aortic counterpulsation ventricular assist system; mechano-electrical skin interface,REMVL MECH-ELEC SKIN NTRFCE,1/1/17,,,,,,
0458T,Removal of permanently implantable aortic counterpulsation ventricular assist system; subcutaneous electrode,REMVL SUBQ ELECTRODE,1/1/17,,,,,,
0459T,"Relocation of skin pocket with replacement of implanted aortic counterpulsation ventricular assist device, mechano-electrical skin interface and electrodes",RELOCAJ RPLCMT AORTIC VENTR,1/1/17,,,,,,
0460T,Repositioning of previously implanted aortic counterpulsation ventricular assist device; subcutaneous electrode,REPOS AORTIC VENTR DEV ELTRD,1/1/17,,,,,,
0461T,Repositioning of previously implanted aortic counterpulsation ventricular assist device; aortic counterpulsation device,REPOS AORTIC CONTRPULSJ DEV,1/1/17,,,,,,
0462T,"Programming device evaluation (in person) with iterative adjustment of the implantable mechano-electrical skin interface and/or external driver to test the function of the device and select optimal permanent programmed values with analysis, including review and report, implantable aortic counterpulsation ventricular assist system, per day",PRGRMG EVAL AORTIC VENTR SYS,1/1/17,,,,,,
0463T,"Interrogation device evaluation (in person) with analysis, review and report, includes connection, recording and disconnection per patient encounter, implantable aortic counterpulsation ventricular assist system, per day",INTERROG AORTIC VENTR SYS,1/1/17,,,,,,
0464T,"Visual evoked potential, testing for glaucoma, with interpretation and report",VISUAL EP TEST FOR GLAUCOMA,1/1/17,,,,,,
0465T,Suprachoroidal injection of a pharmacologic agent (does not include supply of medication),SUPCHRDL NJX RXW/O SUPPLY,1/1/17,,,,,,
0466T,"Insertion of chest wall respiratory sensor electrode or electrode array, including connection to pulse generator (List separately in addition to code for primary procedure)",INSJ CHWAL RESPIR ELTRD/RA,1/1/17,This code is designated as an Add-on code by the AMA. List separately in addition to the primary procedure.,Add-on Code,Use 0466T in conjunction with 64568,,,
0467T,"Revision or replacement of chest wall respiratory sensor electrode or electrode array, including connection to existing pulse generator",REVJ/RPLMNT CH RESPIR ELTRD,1/1/17,,,,,,
0468T,Removal of chest wall respiratory sensor electrode or electrode array,RMVL CHWAL RESPIR ELTRD/RA,1/1/17,,,,,,
22853,"Insertion of interbody biomechanical device(s) (eg, synthetic cage, mesh) with integral anterior instrumentation for device anchoring (eg, screws, flanges), when performed, to intervertebral disc space in conjunction with interbody arthrodesis, each interspace (List separately in addition to code for primary procedure)",INSJ BIOMECHANICAL DEVICE,1/1/17,This code is designated as an Add-on code by the AMA. List separately in addition to the primary procedure.,Add-on Code,"Use 22853 in conjunction with 22100-22102, 22110-22114, 22206, 22207, 22210-22214, 22220-22224, 22310-22327, 22532, 22533, 22548-22558, 22590-22612, 22630, 22633, 22634, 22800-22812, 63001-63030, 63040-63042, 63045-63047, 63050-63056, 63064, 63075, 63077, 63081, 63085, 63087, 63090, 63101, 63102, 63170-63290, 63300-63307",ORTHO,,
22854,"Insertion of intervertebral biomechanical device(s) (eg, synthetic cage, mesh) with integral anterior instrumentation for device anchoring (eg, screws, flanges), when performed, to vertebral corpectomy(ies) (vertebral body resection, partial or complete) defect, in conjunction with interbody arthrodesis, each contiguous defect (List separately in addition to code for primary procedure)",INSJ BIOMECHANICAL DEVICE,1/1/17,This code is designated as an Add-on code by the AMA. List separately in addition to the primary procedure.,Add-on Code,"Use 22854 in conjunction with 22100-22102, 22110-22114, 22206, 22207, 22210-22214, 22220-22224, 22310-22327, 22532, 22533, 22548-22558, 22590-22612, 22630, 22633, 22634, 22800-22812, 63001-63030, 63040-63042, 63045-63047, 63050-63056, 63064, 63075, 63077, 63081, 63085, 63087, 63090, 63101, 63102, 63170-63290, 63300-63307",ORTHO,,
22859,"Insertion of intervertebral biomechanical device(s) (eg, synthetic cage, mesh, methylmethacrylate) to intervertebral disc space or vertebral body defect without interbody arthrodesis, each contiguous defect (List separately in addition to code for primary procedure)",INSJ BIOMECHANICAL DEVICE,1/1/17,This code is designated as an Add-on code and resequenced code  by the AMA. List separately in addition to the primary procedure.,Add-on Code and Resequenced,"Use 22859 in conjunction with 22100-22102, 22110-22114, 22206, 22207, 22210-22214, 22220-22224, 22310-22327, 22532, 22533, 22548-22558, 22590-22612, 22630, 22633, 22634, 22800-22812, 63001-63030, 63040-63042, 63045-63047, 63050-63056, 63064, 63075, 63077, 63081, 63085, 63087, 63090, 63101, 63102, 63170-63290, 63300-63307",ORTHO,,
22867,"Insertion of interlaminar/interspinous process stabilization/distraction device, without fusion, including image guidance when performed, with open decompression, lumbar; single level",INSJ STABLJ DEV W/DCMPRN,1/1/17,,,,ORTHO,,
22868,"Insertion of interlaminar/interspinous process stabilization/distraction device, without fusion, including image guidance when performed, with open decompression, lumbar; second level (List separately in addition to code for primary procedure)",INSJ STABLJ DEV W/DCMPRN,1/1/17,This code is designated as an Add-on code by the AMA. List separately in addition to the primary procedure.,Add-on Code,Use 22868 in conjunction with 22867,ORTHO,,
22869,"Insertion of interlaminar/interspinous process stabilization/distraction device, without open decompression or fusion, including image guidance when performed, lumbar; single level",INSJ STABLJ DEV W/O DCMPRN,1/1/17,,,,ORTHO,,
22870,"Insertion of interlaminar/interspinous process stabilization/distraction device, without open decompression or fusion, including image guidance when performed, lumbar; second level (List separately in addition to code for primary procedure)",INSJ STABLJ DEV W/O DCMPRN,1/1/17,This code is designated as an Add-on code by the AMA. List separately in addition to the primary procedure.,Add-on Code,Use 22870 in conjunction with 22869,ORTHO,,
27197,"Closed treatment of posterior pelvic ring fracture(s), dislocation(s), diastasis or subluxation of the ilium, sacroiliac joint, and/or sacrum, with or without anterior pelvic ring fracture(s) and/or dislocation(s) of the pubic symphysis and/or superior/inferior rami, unilateral or bilateral; without manipulation",CLSD TX PELVIC RING FX,1/1/17,,,,ORTHO,,
27198,"Closed treatment of posterior pelvic ring fracture(s), dislocation(s), diastasis or subluxation of the ilium, sacroiliac joint, and/or sacrum, with or without anterior pelvic ring fracture(s) and/or dislocation(s) of the pubic symphysis and/or superior/inferior rami, unilateral or bilateral; with manipulation, requiring more than local anesthesia (ie, general anesthesia, moderate sedation, spinal/epidural)",CLSD TX PELVIC RING FX,1/1/17,,,,ORTHO,,
28291,"Hallux rigidus correction with cheilectomy, debridement and capsular release of the first metatarsophalangeal joint; with implant",CORRJ HALUX RIGDUS W/IMPLT,1/1/17,,,,ORTHO,,
28295,"Correction, hallux valgus (bunionectomy), with sesamoidectomy, when performed; with proximal metatarsal osteotomy, any method",CORRECTION HALLUX VALGUS,1/1/17,This code is designated as a resequenced code  by the AMA.,Resequenced ,,ORTHO,,
31551,"Laryngoplasty; for laryngeal stenosis, with graft, without indwelling stent placement, younger than 12 years of age",LARYNGOPLASTY LARYNGEAL STEN,1/1/17,This code is designated as a resequenced code  by the AMA.,Resequenced ,,RESP,,
31552,"Laryngoplasty; for laryngeal stenosis, with graft, without indwelling stent placement, age 12 years or older",LARYNGOPLASTY LARYNGEAL STEN,1/1/17,This code is designated as a resequenced code  by the AMA.,Resequenced ,,RESP,,
31553,"Laryngoplasty; for laryngeal stenosis, with graft, with indwelling stent placement, younger than 12 years of age",LARYNGOPLASTY LARYNGEAL STEN,1/1/17,This code is designated as a resequenced code  by the AMA.,Resequenced ,,RESP,,
31554,"Laryngoplasty; for laryngeal stenosis, with graft, with indwelling stent placement, age 12 years or older",LARYNGOPLASTY LARYNGEAL STEN,1/1/17,This code is designated as a resequenced code  by the AMA.,Resequenced ,,RESP,,
31572,"Laryngoscopy, flexible; with ablation or destruction of lesion(s) with laser, unilateral",LARGSC W/LASER DSTRJ LES,1/1/17,This code is designated as a resequenced code  by the AMA.,Resequenced ,,RESP,,
31573,"Laryngoscopy, flexible; with therapeutic injection(s) (eg, chemodenervation agent or corticosteroid, injected percutaneous, transoral, or via endoscope channel), unilateral",LARGSC W/THER INJECTION,1/1/17,This code is designated as a resequenced code  by the AMA.,Resequenced ,,RESP,,
31574,"Laryngoscopy, flexible; with injection(s) for augmentation (eg, percutaneous, transoral), unilateral",LARGSC W/NJX AUGMENTATION,1/1/17,This code is designated as a resequenced code  by the AMA.,Resequenced ,,RESP,,
31591,"Laryngoplasty, medialization, unilateral",LARYNGOPLASTY MEDIALIZATION,1/1/17,,,,RESP,,
31592,Cricotracheal resection,CRICOTRACHEAL RESECTION,1/1/17,,,,RESP,,
33340,"Percutaneous transcatheter closure of the left atrial appendage with endocardial implant, including fluoroscopy, transseptal puncture, catheter placement(s), left atrial angiography, left atrial appendage angiography, when performed, and radiological supervision and interpretation",PERQ CLSR TCAT L ATR APNDGE,1/1/17,,,,CARD,,
33390,"Valvuloplasty, aortic valve, open, with cardiopulmonary bypass; simple (ie, valvotomy, debridement, debulking, and/or simple commissural resuspension)",VALVULOPLASTY AORTIC VALVE,1/1/17,,,,CARD,,
33391,"Valvuloplasty, aortic valve, open, with cardiopulmonary bypass; complex (eg, leaflet extension, leaflet resection, leaflet reconstruction, or annuloplasty)",VALVULOPLASTY AORTIC VALVE,1/1/17,,,,CARD,,
36456,"Partial exchange transfusion, blood, plasma or crystalloid necessitating the skill of a physician or other qualified health care professional, newborn",PRTL EXCHANGE TRANSFUSE NB,1/1/17,,,,CARD,,
36473,"Endovenous ablation therapy of incompetent vein, extremity, inclusive of all imaging guidance and monitoring, percutaneous, mechanochemical; first vein treated",ENDOVENOUS MCHNCHEM 1ST VEIN,1/1/17,,,,CARD,,
36474,"Endovenous ablation therapy of incompetent vein, extremity, inclusive of all imaging guidance and monitoring, percutaneous, mechanochemical; subsequent vein(s) treated in a single extremity, each through separate access sites (List separately in addition to code for primary procedure)",ENDOVENOUS MCHNCHEM ADD-ON,1/1/17,This code is designated as an Add-on code by the AMA. List separately in addition to the primary procedure.,Add-on Code,Use 36474 in conjunction with 36473,CARD,,
36901,"Introduction of needle(s) and/or catheter(s), dialysis circuit, with diagnostic angiography of the dialysis circuit, including all direct puncture(s) and catheter placement(s), injection(s) of contrast, all necessary imaging from the arterial anastomosis and adjacent artery through entire venous outflow including the inferior or superior vena cava, fluoroscopic guidance, radiological supervision and interpretation and image documentation and report",INTRO CATH DIALYSIS CIRCUIT,1/1/17,,,,CARD,,
36902,"Introduction of needle(s) and/or catheter(s), dialysis circuit, with diagnostic angiography of the dialysis circuit, including all direct puncture(s) and catheter placement(s), injection(s) of contrast, all necessary imaging from the arterial anastomosis and adjacent artery through entire venous outflow including the inferior or superior vena cava, fluoroscopic guidance, radiological supervision and interpretation and image documentation and report; with transluminal balloon angioplasty, peripheral dialysis segment, including all imaging and radiological supervision and interpretation necessary to perform the angioplasty",INTRO CATH DIALYSIS CIRCUIT,1/1/17,,,,CARD,,
36903,"Introduction of needle(s) and/or catheter(s), dialysis circuit, with diagnostic angiography of the dialysis circuit, including all direct puncture(s) and catheter placement(s), injection(s) of contrast, all necessary imaging from the arterial anastomosis and adjacent artery through entire venous outflow including the inferior or superior vena cava, fluoroscopic guidance, radiological supervision and interpretation and image documentation and report; with transcatheter placement of intravascular stent(s), peripheral dialysis segment, including all imaging and radiological supervision and interpretation necessary to perform the stenting, and all angioplasty within the peripheral dialysis segment",INTRO CATH DIALYSIS CIRCUIT,1/1/17,,,,CARD,,
36904,"Percutaneous transluminal mechanical thrombectomy and/or infusion for thrombolysis, dialysis circuit, any method, including all imaging and radiological supervision and interpretation, diagnostic angiography, fluoroscopic guidance, catheter placement(s), and intraprocedural pharmacological thrombolytic injection(s)",THRMBC/NFS DIALYSIS CIRCUIT,1/1/17,,,,CARD,,
36905,"Percutaneous transluminal mechanical thrombectomy and/or infusion for thrombolysis, dialysis circuit, any method, including all imaging and radiological supervision and interpretation, diagnostic angiography, fluoroscopic guidance, catheter placement(s), and intraprocedural pharmacological thrombolytic injection(s); with transluminal balloon angioplasty, peripheral dialysis segment, including all imaging and radiological supervision and interpretation necessary to perform the angioplasty",THRMBC/NFS DIALYSIS CIRCUIT,1/1/17,,,,CARD,,
36906,"Percutaneous transluminal mechanical thrombectomy and/or infusion for thrombolysis, dialysis circuit, any method, including all imaging and radiological supervision and interpretation, diagnostic angiography, fluoroscopic guidance, catheter placement(s), and intraprocedural pharmacological thrombolytic injection(s); with transcatheter placement of intravascular stent(s), peripheral dialysis segment, including all imaging and radiological supervision and interpretation necessary to perform the stenting, and all angioplasty within the peripheral dialysis circuit",THRMBC/NFS DIALYSIS CIRCUIT,1/1/17,,,,CARD,,
36907,"Transluminal balloon angioplasty, central dialysis segment, performed through dialysis circuit, including all imaging and radiological supervision and interpretation required to perform the angioplasty (List separately in addition to code for primary procedure)",BALO ANGIOP CTR DIALYSIS SEG,1/1/17,This code is designated as an Add-on code by the AMA. List separately in addition to the primary procedure.,Add-on Code,"Use 36907 in conjunction with 36818-36833, 36901, 36902, 36903, 36904, 36905, 36906",CARD,,
36908,"Transcatheter placement of intravascular stent(s), central dialysis segment, performed through dialysis circuit, including all imaging radiological supervision and interpretation required to perform the stenting, and all angioplasty in the central dialysis segment (List separately in addition to code for primary procedure)",STENT PLMT CTR DIALYSIS SEG,1/1/17,This code is designated as an Add-on code by the AMA. List separately in addition to the primary procedure.,Add-on Code,"Use 36908 in conjunction with 36818-36833, 36901, 36902, 36903, 36904, 36905, 36906",CARD,,
36909,"Dialysis circuit permanent vascular embolization or occlusion (including main circuit or any accessory veins), endovascular, including all imaging and radiological supervision and interpretation necessary to complete the intervention (List separately in addition to code for primary procedure)",DIALYSIS CIRCUIT EMBOLJ,1/1/17,This code is designated as an Add-on code by the AMA. List separately in addition to the primary procedure.,Add-on Code,"Use 36909 in conjunction with 36901, 36902, 36903, 36904, 36905, 36906",CARD,,
37246,"Transluminal balloon angioplasty (except lower extremity artery(ies) for occlusive disease, intracranial, coronary, pulmonary, or dialysis circuit), open or percutaneous, including all imaging and radiological supervision and interpretation necessary to perform the angioplasty within the same artery; initial artery",TRLUML BALO ANGIOP 1ST ART,1/1/17,This code is designated as a resequenced code  by the AMA.,Resequenced ,,CARD,,
37247,"Transluminal balloon angioplasty (except lower extremity artery(ies) for occlusive disease, intracranial, coronary, pulmonary, or dialysis circuit), open or percutaneous, including all imaging and radiological supervision and interpretation necessary to perform the angioplasty within the same artery; each additional artery (List separately in addition to code for primary procedure)",TRLUML BALO ANGIOP ADDL ART,1/1/17,This code is designated as an Add-on code and resequenced code  by the AMA. List separately in addition to the primary procedure.,Add-on Code and Resequenced,Use 37247 in conjunction with 37246,CARD,,
37248,"Transluminal balloon angioplasty (except dialysis circuit), open or percutaneous, including all imaging and radiological supervision and interpretation necessary to perform the angioplasty within the same vein; initial vein",TRLUML BALO ANGIOP 1ST VEIN,1/1/17,This code is designated as a resequenced code  by the AMA.,Resequenced ,,CARD,,
37249,"Transluminal balloon angioplasty (except dialysis circuit), open or percutaneous, including all imaging and radiological supervision and interpretation necessary to perform the angioplasty within the same vein; each additional vein (List separately in addition to code for primary procedure)",TRLUML BALO ANGIOP ADDL VEIN,1/1/17,This code is designated as an Add-on code and resequenced code  by the AMA. List separately in addition to the primary procedure.,Add-on Code and Resequenced,Use 37249 in conjunction with 37248,CARD,,
43284,"Laparoscopy, surgical, esophageal sphincter augmentation procedure, placement of sphincter augmentation device (ie, magnetic band), including cruroplasty when performed",LAPS ESOPHGL SPHNCTR AGMNTJ,1/1/17,,,,GI,,
43285,Removal of esophageal sphincter augmentation device,RMVL ESOPHGL SPHNCTR DEV,1/1/17,,,,GI,,
58674,"Laparoscopy, surgical, ablation of uterine fibroid(s) including intraoperative ultrasound guidance and monitoring, radiofrequency",LAPS ABLTJ UTERINE FIBROIDS,1/1/17,,,,female genital,,
62320,"Injection(s), of diagnostic or therapeutic substance(s) (eg, anesthetic, antispasmodic, opioid, steroid, other solution), not including neurolytic substances, including needle or catheter placement, interlaminar epidural or subarachnoid, cervical or thoracic; without imaging guidance",NJX INTERLAMINAR CRV/THRC,1/1/17,,,,neuro,,
62321,"Injection(s), of diagnostic or therapeutic substance(s) (eg, anesthetic, antispasmodic, opioid, steroid, other solution), not including neurolytic substances, including needle or catheter placement, interlaminar epidural or subarachnoid, cervical or thoracic; with imaging guidance (ie, fluoroscopy or CT)",NJX INTERLAMINAR CRV/THRC,1/1/17,,,,neuro,,
62322,"Injection(s), of diagnostic or therapeutic substance(s) (eg, anesthetic, antispasmodic, opioid, steroid, other solution), not including neurolytic substances, including needle or catheter placement, interlaminar epidural or subarachnoid, lumbar or sacral (caudal); without imaging guidance",NJX INTERLAMINAR LMBR/SAC,1/1/17,,,,neuro,,
62323,"Injection(s), of diagnostic or therapeutic substance(s) (eg, anesthetic, antispasmodic, opioid, steroid, other solution), not including neurolytic substances, including needle or catheter placement, interlaminar epidural or subarachnoid, lumbar or sacral (caudal); with imaging guidance (ie, fluoroscopy or CT)",NJX INTERLAMINAR LMBR/SAC,1/1/17,,,,neuro,,
62324,"Injection(s), including indwelling catheter placement, continuous infusion or intermittent bolus, of diagnostic or therapeutic substance(s) (eg, anesthetic, antispasmodic, opioid, steroid, other solution), not including neurolytic substances, interlaminar epidural or subarachnoid, cervical or thoracic; without imaging guidance",NJX INTERLAMINAR CRV/THRC,1/1/17,,,,neuro,,
62325,"Injection(s), including indwelling catheter placement, continuous infusion or intermittent bolus, of diagnostic or therapeutic substance(s) (eg, anesthetic, antispasmodic, opioid, steroid, other solution), not including neurolytic substances, interlaminar epidural or subarachnoid, cervical or thoracic; with imaging guidance (ie, fluoroscopy or CT)",NJX INTERLAMINAR CRV/THRC,1/1/17,,,,neuro,,
62326,"Injection(s), including indwelling catheter placement, continuous infusion or intermittent bolus, of diagnostic or therapeutic substance(s) (eg, anesthetic, antispasmodic, opioid, steroid, other solution), not including neurolytic substances, interlaminar epidural or subarachnoid, lumbar or sacral (caudal); without imaging guidance",NJX INTERLAMINAR LMBR/SAC,1/1/17,,,,neuro,,
62327,"Injection(s), including indwelling catheter placement, continuous infusion or intermittent bolus, of diagnostic or therapeutic substance(s) (eg, anesthetic, antispasmodic, opioid, steroid, other solution), not including neurolytic substances, interlaminar epidural or subarachnoid, lumbar or sacral (caudal); with imaging guidance (ie, fluoroscopy or CT)",NJX INTERLAMINAR LMBR/SAC,1/1/17,,,,neuro,,
62380,"Endoscopic decompression of spinal cord, nerve root(s), including laminotomy, partial facetectomy, foraminotomy, discectomy and/or excision of herniated intervertebral disc, 1 interspace, lumbar",NDSC DCMPRN 1 NTRSPC LUMBAR,1/1/17,,,,neuro,,
76706,"Ultrasound, abdominal aorta, real time with image documentation, screening study for abdominal aortic aneurysm (AAA)",US ABDL AORTA SCREEN AAA,1/1/17,,,,RAD,,
77065,"Diagnostic mammography, including computer-aided detection (CAD) when performed; unilateral",DX MAMMO INCL CAD UNI,1/1/17,,,,RAD,,
77066,"Diagnostic mammography, including computer-aided detection (CAD) when performed; bilateral",DX MAMMO INCL CAD BI,1/1/17,,,,RAD,,
77067,"Screening mammography, bilateral (2-view study of each breast), including computer-aided detection (CAD) when performed",SCR MAMMO BI INCL CAD,1/1/17,,,,RAD,,
80305,"Drug test(s), presumptive, any number of drug classes, any number of devices or procedures (eg, immunoassay); capable of being read by direct optical observation only (eg, dipsticks, cups, cards, cartridges) includes sample validation when performed, per date of service",DRUG TEST PRSMV DIR OPT OBS,1/1/17,This code is designated as a resequenced code  by the AMA.,Resequenced ,,lab,,
80306,"Drug test(s), presumptive, any number of drug classes, any number of devices or procedures (eg, immunoassay); read by instrument assisted direct optical observation (eg, dipsticks, cups, cards, cartridges), includes sample validation when performed, per date of service",DRUG TEST PRSMV INSTRMNT,1/1/17,This code is designated as a resequenced code  by the AMA.,Resequenced ,,lab,,
80307,"Drug test(s), presumptive, any number of drug classes, any number of devices or procedures, by instrument chemistry analyzers (eg, utilizing immunoassay [eg, EIA, ELISA, EMIT, FPIA, IA, KIMS, RIA]), chromatography (eg, GC, HPLC), and mass spectrometry either with or without chromatography, (eg, DART, DESI, GC-MS, GC-MS/MS, LC-MS, LC-MS/MS, LDTD, MALDI, TOF) includes sample validation when performed, per date of service",DRUG TEST PRSMV CHEM ANLYZR,1/1/17,This code is designated as a resequenced code  by the AMA.,Resequenced ,,lab,,
81327,"SEPT9 (Septin9) (eg, colorectal cancer) methylation analysis",SEPT9 METHYLATION ANALYSIS,1/1/17,,,,lab,,
81413,"Cardiac ion channelopathies (eg, Brugada syndrome, long QT syndrome, short QT syndrome, catecholaminergic polymorphic ventricular tachycardia); genomic sequence analysis panel, must include sequencing of at least 10 genes, including ANK2, CASQ2, CAV3, KCNE1, KCNE2, KCNH2, KCNJ2, KCNQ1, RYR2, and SCN5A",CAR ION CHNNLPATH INC 10 GNS,1/1/17,,,,lab,,
81414,"Cardiac ion channelopathies (eg, Brugada syndrome, long QT syndrome, short QT syndrome, catecholaminergic polymorphic ventricular tachycardia); duplication/deletion gene analysis panel, must include analysis of at least 2 genes, including KCNH2 and KCNQ1",CAR ION CHNNLPATH INC 2 GNS,1/1/17,,,,lab,,
81422,"Fetal chromosomal microdeletion(s) genomic sequence analysis (eg, DiGeorge syndrome, Cri-du-chat syndrome), circulating cell-free fetal DNA in maternal blood",FETAL CHRMOML MICRODELTJ,1/1/17,,,,lab,,
81439,"Inherited cardiomyopathy (eg, hypertrophic cardiomyopathy, dilated cardiomyopathy, arrhythmogenic right ventricular cardiomyopathy) genomic sequence analysis panel, must include sequencing of at least 5 genes, including DSG2, MYBPC3, MYH7, PKP2, and TTN",INHERITED CARDMYPTHY 5 GNS,1/1/17,,,,lab,,
81539,"Oncology (high-grade prostate cancer), biochemical assay of four proteins (Total PSA, Free PSA, Intact PSA, and human kallikrein-2 [hK2]), utilizing plasma or serum, prognostic algorithm reported as a probability score",ONCOLOGY PROSTATE PROB SCORE,1/1/17,,,,lab,,
84410,"Testosterone; bioavailable, direct measurement (eg, differential precipitation)",TESTOSTERONE BIOAVAILABLE,1/1/17,,,,lab,,
87483,"Infectious agent detection by nucleic acid (DNA or RNA); central nervous system pathogen (eg, Neisseria meningitidis, Streptococcus pneumoniae, Listeria, Haemophilus influenzae, E. coli, Streptococcus agalactiae, enterovirus, human parechovirus, herpes simplex virus type 1 and 2, human herpesvirus 6, cytomegalovirus, varicella zoster virus, Cryptococcus), includes multiplex reverse transcription, when performed, and multiplex amplified probe technique, multiple types or subtypes, 12-25 targets",CNS DNA AMP PROBE TYPE 12-25,1/1/17,,,,lab,,
90674,"Influenza virus vaccine, quadrivalent (ccIIV4), derived from cell cultures, subunit, preservative and antibiotic free, 0.5 mL dosage, for intramuscular use",CCIIV4 VAC NO PRSV 0.5 ML IM,1/1/17,This code is designated as a resequenced code  by the AMA.,Resequenced ,,medicine(vaccines),,
90682,"Influenza virus vaccine, quadrivalent (RIV4), derived from recombinant DNA, hemagglutinin (HA) protein only, preservative and antibiotic free, for intramuscular use",RIV4 VACC RECOMBINANT DNA IM,1/1/17,FDA approval pending,FDA approval pending,,medicine(vaccines),,
90750,"Zoster (shingles) vaccine (HZV), recombinant, sub-unit, adjuvanted, for intramuscular injection",HZV VACC RECOMBINANT IM NJX,1/1/17,This code is designated as a resequenced code  by the AMA.  FDA approval pending,"Resequenced, FDA approval pending",,medicine(vaccines),,
92242,"Fluorescein angiography and indocyanine-green angiography (includes multiframe imaging) performed at the same patient encounter with interpretation and report, unilateral or bilateral",FLUORESCEIN ICG ANGIOGRAPHY,1/1/17,,,,medicine ophth,,
93590,"Percutaneous transcatheter closure of paravalvular leak; initial occlusion device, mitral valve",PERQ TRANSCATH CLS MITRAL,1/1/17,,,,medicine card,,
93591,"Percutaneous transcatheter closure of paravalvular leak; initial occlusion device, aortic valve",PERQ TRANSCATH CLS AORTIC,1/1/17,,,,medicine card,,
93592,Percutaneous transcatheter closure of paravalvular leak; each additional occlusion device (List separately in addition to code for primary procedure),PERQ TRANSCATH CLOSURE EACH,1/1/17,This code is designated as an Add-on code by the AMA. List separately in addition to the primary procedure.,Add-on Code,"Use 93592 in conjunction with 93590, 93591",medicine card,,
96160,"Administration of patient-focused health risk assessment instrument (eg, health hazard appraisal) with scoring and documentation, per standardized instrument",PT-FOCUSED HLTH RISK ASSMT,1/1/17,,,,medicine central nervous system assessments and tests,,
96161,"Administration of caregiver-focused health risk assessment instrument (eg, depression inventory) for the benefit of the patient, with scoring and documentation, per standardized instrument",CAREGIVER HEALTH RISK ASSMT,1/1/17,,,,medicine central nervous system assessments and tests,,
96377,Application of on-body injector (includes cannula insertion) for timed subcutaneous injection,APPLICATON ON-BODY INJECTOR,1/1/17,,,,medicine injection,,
97161,"Physical therapy evaluation: low complexity, requiring these components: A history with no personal factors and/or comorbidities that impact the plan of care; An examination of body system(s) using standardized tests and measures addressing 1-2 elements from any of the following: body structures and functions, activity limitations, and/or participation restrictions; A clinical presentation with stable and/or uncomplicated characteristics; and Clinical decision making of low complexity using standardized patient assessment instrument and/or measurable assessment of functional outcome. Typically, 20 minutes are spent face-to-face with the patient and/or family.",PT EVAL LOW COMPLEX 20 MIN,1/1/17,This code is designated as a resequenced code  by the AMA.,Resequenced ,,medicine physical/rehab,,
97162,"Physical therapy evaluation: moderate complexity, requiring these components: A history of present problem with 1-2 personal factors and/or comorbidities that impact the plan of care; An examination of body systems using standardized tests and measures in addressing a total of 3 or more elements from any of the following: body structures and functions, activity limitations, and/or participation restrictions; An evolving clinical presentation with changing characteristics; and Clinical decision making of moderate complexity using standardized patient assessment instrument and/or measurable assessment of functional outcome. Typically, 30 minutes are spent face-to-face with the patient and/or family.",PT EVAL MOD COMPLEX 30 MIN,1/1/17,This code is designated as a resequenced code  by the AMA.,Resequenced ,,medicine physical/rehab,,
97163,"Physical therapy evaluation: high complexity, requiring these components: A history of present problem with 3 or more personal factors and/or comorbidities that impact the plan of care; An examination of body systems using standardized tests and measures addressing a total of 4 or more elements from any of the following: body structures and functions, activity limitations, and/or participation restrictions; A clinical presentation with unstable and unpredictable characteristics; and Clinical decision making of high complexity using standardized patient assessment instrument and/or measurable assessment of functional outcome. Typically, 45 minutes are spent face-to-face with the patient and/or family.",PT EVAL HIGH COMPLEX 45 MIN,1/1/17,This code is designated as a resequenced code  by the AMA.,Resequenced ,,medicine physical/rehab,,
97164,"Re-evaluation of physical therapy established plan of care, requiring these components: An examination including a review of history and use of standardized tests and measures is required; and Revised plan of care using a standardized patient assessment instrument and/or measurable assessment of functional outcome Typically, 20 minutes are spent face-to-face with the patient and/or family.",PT RE-EVAL EST PLAN CARE,1/1/17,This code is designated as a resequenced code  by the AMA.,Resequenced ,,medicine physical/rehab,,
97165,"Occupational therapy evaluation, low complexity, requiring these components: An occupational profile and medical and therapy history, which includes a brief history including review of medical and/or therapy records relating to the presenting problem; An assessment(s) that identifies 1-3 performance deficits (ie, relating to physical, cognitive, or psychosocial skills) that result in activity limitations and/or participation restrictions; and Clinical decision making of low complexity, which includes an analysis of the occupational profile, analysis of data from problem-focused assessment(s), and consideration of a limited number of treatment options. Patient presents with no comorbidities that affect occupational performance. Modification of tasks or assistance (eg, physical or verbal) with assessment(s) is not necessary to enable completion of evaluation component. Typically, 30 minutes are spent face-to-face with the patient and/or family.",OT EVAL LOW COMPLEX 30 MIN,1/1/17,This code is designated as a resequenced code  by the AMA.,Resequenced ,,medicine physical/rehab,,
97166,"Occupational therapy evaluation, moderate complexity, requiring these components: An occupational profile and medical and therapy history, which includes an expanded review of medical and/or therapy records and additional review of physical, cognitive, or psychosocial history related to current functional performance; An assessment(s) that identifies 3-5 performance deficits (ie, relating to physical, cognitive, or psychosocial skills) that result in activity limitations and/or participation restrictions; and Clinical decision making of moderate analytic complexity, which includes an analysis of the occupational profile, analysis of data from detailed assessment(s), and consideration of several treatment options. Patient may present with comorbidities that affect occupational performance. Minimal to moderate modification of tasks or assistance (eg, physical or verbal) with assessment(s) is necessary to enable patient to complete evaluation component. Typically, 45 minutes are spent face-to-face with the patient and/or family.",OT EVAL MOD COMPLEX 45 MIN,1/1/17,This code is designated as a resequenced code  by the AMA.,Resequenced ,,medicine physical/rehab,,
97167,"Occupational therapy evaluation, high complexity, requiring these components: An occupational profile and medical and therapy history, which includes review of medical and/or therapy records and extensive additional review of physical, cognitive, or psychosocial history related to current functional performance; An assessment(s) that identifies 5 or more performance deficits (ie, relating to physical, cognitive, or psychosocial skills) that result in activity limitations and/or participation restrictions; and Clinical decision making of high analytic complexity, which includes an analysis of the patient profile, analysis of data from comprehensive assessment(s), and consideration of multiple treatment options. Patient presents with comorbidities that affect occupational performance. Significant modification of tasks or assistance (eg, physical or verbal) with assessment(s) is necessary to enable patient to complete evaluation component. Typically, 60 minutes are spent face-to-face with the patient and/or family.",OT EVAL HIGH COMPLEX 60 MIN,1/1/17,This code is designated as a resequenced code  by the AMA.,Resequenced ,,medicine physical/rehab,,
97168,"Re-evaluation of occupational therapy established plan of care, requiring these components: An assessment of changes in patient functional or medical status with revised plan of care; An update to the initial occupational profile to reflect changes in condition or environment that affect future interventions and/or goals; and A revised plan of care. A formal reevaluation is performed when there is a documented change in functional status or a significant change to the plan of care is required. Typically, 30 minutes are spent face-to-face with the patient and/or family.",OT RE-EVAL EST PLAN CARE,1/1/17,This code is designated as a resequenced code  by the AMA.,Resequenced ,,medicine physical/rehab,,
97169,"Athletic training evaluation, low complexity, requiring these components: A history and physical activity profile with no comorbidities that affect physical activity; An examination of affected body area and other symptomatic or related systems addressing 1-2 elements from any of the following: body structures, physical activity, and/or participation deficiencies; and Clinical decision making of low complexity using standardized patient assessment instrument and/or measurable assessment of functional outcome. Typically, 15 minutes are spent face-to-face with the patient and/or family.",ATHLETIC TRN EVAL LOW CMPLX,1/1/17,This code is designated as a resequenced code  by the AMA.,Resequenced ,,medicine physical/rehab,,
97170,"Athletic training evaluation, moderate complexity, requiring these components: A medical history and physical activity profile with 1-2 comorbidities that affect physical activity; An examination of affected body area and other symptomatic or related systems addressing a total of 3 or more elements from any of the following: body structures, physical activity, and/or participation deficiencies; and Clinical decision making of moderate complexity using standardized patient assessment instrument and/or measurable assessment of functional outcome. Typically, 30 minutes are spent face-to-face with the patient and/or family.",ATHLETIC TRN EVAL MOD CMPLX,1/1/17,This code is designated as a resequenced code  by the AMA.,Resequenced ,,medicine physical/rehab,,
97171,"Athletic training evaluation, high complexity, requiring these components: A medical history and physical activity profile, with 3 or more comorbidities that affect physical activity; A comprehensive examination of body systems using standardized tests and measures addressing a total of 4 or more elements from any of the following: body structures, physical activity, and/or participation deficiencies; Clinical presentation with unstable and unpredictable characteristics; and Clinical decision making of high complexity using standardized patient assessment instrument and/or measurable assessment of functional outcome. Typically, 45 minutes are spent face-to-face with the patient and/or family.",ATHLETIC TRN EVAL HIGH CMPLX,1/1/17,This code is designated as a resequenced code  by the AMA.,Resequenced ,,medicine physical/rehab,,
97172,"Re-evaluation of athletic training established plan of care requiring these components: An assessment of patient's current functional status when there is a documented change; and A revised plan of care using a standardized patient assessment instrument and/or measurable assessment of functional outcome with an update in management options, goals, and interventions. Typically, 20 minutes are spent face-to-face with the patient and/or family.",ATHLETIC TRN RE-EVAL PLAN CR,1/1/17,This code is designated as a resequenced code  by the AMA.,Resequenced ,,medicine physical/rehab,,
99151,"Moderate sedation services provided by the same physician or other qualified health care professional performing the diagnostic or therapeutic service that the sedation supports, requiring the presence of an independent trained observer to assist in the monitoring of the patient's level of consciousness and physiological status; initial 15 minutes of intraservice time, patient younger than 5 years of age",MOD SED SAME PHYS/QHP <5 YRS,1/1/17,This code is designated Modifier 51 exempt by the AMA,Modifier 51 exempt,,medicine moderate conscious sedation,,
99152,"Moderate sedation services provided by the same physician or other qualified health care professional performing the diagnostic or therapeutic service that the sedation supports, requiring the presence of an independent trained observer to assist in the monitoring of the patient's level of consciousness and physiological status; initial 15 minutes of intraservice time, patient age 5 years or older",MOD SED SAME PHYS/QHP 5/>YRS,1/1/17,This code is designated Modifier 51 exempt by the AMA,Modifier 51 exempt,,medicine moderate conscious sedation,,
99153,"Moderate sedation services provided by the same physician or other qualified health care professional performing the diagnostic or therapeutic service that the sedation supports, requiring the presence of an independent trained observer to assist in the monitoring of the patient's level of consciousness and physiological status; each additional 15 minutes intraservice time (List separately in addition to code for primary service)",MOD SED SAME PHYS/QHP EA,1/1/17,This code is designated as an Add-on code by the AMA. List separately in addition to the primary procedure.,Add-on Code,"Use 99153 in conjunction with 99151, 99152",medicine moderate conscious sedation,,
99155,"Moderate sedation services provided by a physician or other qualified health care professional other than the physician or other qualified health care professional performing the diagnostic or therapeutic service that the sedation supports; initial 15 minutes of intraservice time, patient younger than 5 years of age",MOD SED OTH PHYS/QHP <5 YRS,1/1/17,,,,medicine moderate conscious sedation,,
99156,"Moderate sedation services provided by a physician or other qualified health care professional other than the physician or other qualified health care professional performing the diagnostic or therapeutic service that the sedation supports; initial 15 minutes of intraservice time, patient age 5 years or older",MOD SED OTH PHYS/QHP 5/>YRS,1/1/17,,,,medicine moderate conscious sedation,,
99157,Moderate sedation services provided by a physician or other qualified health care professional other than the physician or other qualified health care professional performing the diagnostic or therapeutic service that the sedation supports; each additional 15 minutes intraservice time (List separately in addition to code for primary service),MOD SED OTHER PHYS/QHP EA,1/1/17,This code is designated as an Add-on code by the AMA. List separately in addition to the primary procedure.,Add-on Code,"Use 99157 in conjunction with 99155, 99156",medicine moderate conscious sedation,,
,,,,,,,,,